LEN113,"INGINF-RT"
ING113,"INGINF-RT"
INF102,"INGINF-RT"
CAL114,"INGINF-RT"
CIE102,"INGINF-RT"
LOG103,"INGINF-RT"
TID102,"INGINF-RT"
DPT102,"INGINF-RT"
LEN223,"INGINF-RT"
ING223,"INGINF-RT"
ALG203,"INGINF-RT"
CAL224,"INGINF-RT"
FIS214,"INGINF-RT"
OAE202,"INGINF-RT"
EDD203,"INGINF-RT"
ING333,"INGINF-RT"
LAF312,"INGINF-RT"
CAL334,"INGINF-RT"
FIS324,"INGINF-RT"
MAT302,"INGINF-RT"
BDD304,"INGINF-RT"
TEC303,"INGINF-RT"
ING443,"INGINF-RT"
LAF422,"INGINF-RT"
CAL444,"INGINF-RT"
FDR403,"INGINF-RT"
TDG414,"INGINF-RT"
PRO413,"INGINF-RT"
ADC403,"INGINF-RT"
ING553,"INGINF-RT"
LAD502,"INGINF-RT"
SSC502,"INGINF-RT"
EYP503,"INGINF-RT"
TDG524,"INGINF-RT"
PRO523,"INGINF-RT"
SOP513,"INGINF-RT"
RYT502,"INGINF-RT"
OYP502,"INGINF-RT"
GRH502,"INGINF-RT"
TYD502,"INGINF-RT"
ING663,"INGINF-RT"
SOP623,"INGINF-RT"
ISF614,"INGINF-RT"
CAL604,"INGINF-RT"
PRO633,"INGINF-RT"
MEI612,"INGINF-RT"
RCB613,"INGINF-RT"
RMM602,"INGINF-RT"
DAC602,"INGINF-RT"
ING773,"INGINF-RT"
IOP703,"INGINF-RT"
ISF724,"INGINF-RT"
SDS703,"INGINF-RT"
PRW703,"INGINF-RT"
MEI722,"INGINF-RT"
RCB723,"INGINF-RT"
ARH702,"INGINF-RT"
TGR702,"INGINF-RT"
SAU702,"INGINF-RT"
IEN803,"INGINF-RT"
FDD802,"INGINF-RT"
TRD814,"INGINF-RT"
CTB803,"INGINF-RT"
PRE803,"INGINF-RT"
FEP803,"INGINF-RT"
RIB813,"INGINF-RT"
SAM802,"INGINF-RT"
PRD802,"INGINF-RT"
MAD802,"INGINF-RT"
AUS904,"INGINF-RT"
ETP902,"INGINF-RT"
TEL903,"INGINF-RT"
TRD924,"INGINF-RT"
PRO903,"INGINF-RT"
STG903,"INGINF-RT"
RIB923,"INGINF-RT"
RPV902,"INGINF-RT"
DCM902,"INGINF-RT"
CEP902,"INGINF-RT"
TLP902,"INGINF-RT"
PAP10020,"INGINF-RT"

LEN113,"INGINF-GD"
ING113,"INGINF-GD"
INF102,"INGINF-GD"
CAL114,"INGINF-GD"
CIE102,"INGINF-GD"
LOG103,"INGINF-GD"
TID102,"INGINF-GD"
DPT102,"INGINF-GD"
LEN223,"INGINF-GD"
ING223,"INGINF-GD"
ALG203,"INGINF-GD"
CAL224,"INGINF-GD"
FIS214,"INGINF-GD"
OAE202,"INGINF-GD"
EDD203,"INGINF-GD"
ING333,"INGINF-GD"
LAF312,"INGINF-GD"
CAL334,"INGINF-GD"
FIS324,"INGINF-GD"
MAT302,"INGINF-GD"
BDD304,"INGINF-GD"
TEC303,"INGINF-GD"
ING443,"INGINF-GD"
LAF422,"INGINF-GD"
CAL444,"INGINF-GD"
FDR403,"INGINF-GD"
TDG414,"INGINF-GD"
PRO413,"INGINF-GD"
ADC403,"INGINF-GD"
ING553,"INGINF-GD"
LAD502,"INGINF-GD"
SSC502,"INGINF-GD"
EYP503,"INGINF-GD"
TDG524,"INGINF-GD"
PRO523,"INGINF-GD"
SOP513,"INGINF-GD"
GDT502,"INGINF-GD"
OYP502,"INGINF-GD"
GRH502,"INGINF-GD"
TYD502,"INGINF-GD"
ING663,"INGINF-GD"
SOP623,"INGINF-GD"
ISF614,"INGINF-GD"
CAL604,"INGINF-GD"
PRO633,"INGINF-GD"
MEI612,"INGINF-GD"
TCS603,"INGINF-GD"
RMM602,"INGINF-GD"
DAC602,"INGINF-GD"
ING773,"INGINF-GD"
IOP703,"INGINF-GD"
ISF724,"INGINF-GD"
SDS703,"INGINF-GD"
PRW703,"INGINF-GD"
MEI722,"INGINF-GD"
SGD703,"INGINF-GD"
ARH702,"INGINF-GD"
TGR702,"INGINF-GD"
SAU702,"INGINF-GD"
IEN803,"INGINF-GD"
FDD802,"INGINF-GD"
TRD814,"INGINF-GD"
CTB803,"INGINF-GD"
PRE803,"INGINF-GD"
FEP803,"INGINF-GD"
ABD813,"INGINF-GD"
SAM802,"INGINF-GD"
PRD802,"INGINF-GD"
MAD802,"INGINF-GD"
AUS904,"INGINF-GD"
ETP902,"INGINF-GD"
TEL903,"INGINF-GD"
TRD924,"INGINF-GD"
PRO903,"INGINF-GD"
STG903,"INGINF-GD"
ABD923,"INGINF-GD"
RPV902,"INGINF-GD"
DCM902,"INGINF-GD"
CEP902,"INGINF-GD"
TLP902,"INGINF-GD"
PAP10020,"INGINF-GD"

LEN113,"INGINF-SI"
ING113,"INGINF-SI"
INF102,"INGINF-SI"
CAL114,"INGINF-SI"
CIE102,"INGINF-SI"
LOG103,"INGINF-SI"
TID102,"INGINF-SI"
DPT102,"INGINF-SI"
LEN223,"INGINF-SI"
ING223,"INGINF-SI"
ALG203,"INGINF-SI"
CAL224,"INGINF-SI"
FIS214,"INGINF-SI"
OAE202,"INGINF-SI"
EDD203,"INGINF-SI"
ING333,"INGINF-SI"
LAF312,"INGINF-SI"
CAL334,"INGINF-SI"
FIS324,"INGINF-SI"
MAT302,"INGINF-SI"
BDD304,"INGINF-SI"
TEC303,"INGINF-SI"
ING443,"INGINF-SI"
LAF422,"INGINF-SI"
CAL444,"INGINF-SI"
FDR403,"INGINF-SI"
TDG414,"INGINF-SI"
PRO413,"INGINF-SI"
ADC403,"INGINF-SI"
ING553,"INGINF-SI"
LAD502,"INGINF-SI"
SSC502,"INGINF-SI"
EYP503,"INGINF-SI"
TDG524,"INGINF-SI"
PRO523,"INGINF-SI"
SOP513,"INGINF-SI"
SSI502,"INGINF-SI"
OYP502,"INGINF-SI"
GRH502,"INGINF-SI"
TYD502,"INGINF-SI"
ING663,"INGINF-SI"
SOP623,"INGINF-SI"
ISF614,"INGINF-SI"
CAL604,"INGINF-SI"
PRO633,"INGINF-SI"
MEI612,"INGINF-SI"
ARD603,"INGINF-SI"
RMM602,"INGINF-SI"
DAC602,"INGINF-SI"
ING773,"INGINF-SI"
IOP703,"INGINF-SI"
ISF724,"INGINF-SI"
SDS703,"INGINF-SI"
PRW703,"INGINF-SI"
MEI722,"INGINF-SI"
SIN703,"INGINF-SI"
ARH702,"INGINF-SI"
TGR702,"INGINF-SI"
SAU702,"INGINF-SI"
IEN803,"INGINF-SI"
FDD802,"INGINF-SI"
TRD814,"INGINF-SI"
CTB803,"INGINF-SI"
PRE803,"INGINF-SI"
FEP803,"INGINF-SI"
CRP803,"INGINF-SI"
SAM802,"INGINF-SI"
PRD802,"INGINF-SI"
MAD802,"INGINF-SI"
AUS904,"INGINF-SI"
ETP902,"INGINF-SI"
TEL903,"INGINF-SI"
TRD924,"INGINF-SI"
PRO903,"INGINF-SI"
STG903,"INGINF-SI"
AFO903,"INGINF-SI"
RPV902,"INGINF-SI"
DCM902,"INGINF-SI"
CEP902,"INGINF-SI"
TLP902,"INGINF-SI"
PAP10020,"INGINF-SI"

LEN113,"INGINF-AP"
ING113,"INGINF-AP"
INF102,"INGINF-AP"
CAL114,"INGINF-AP"
CIE102,"INGINF-AP"
LOG103,"INGINF-AP"
TID102,"INGINF-AP"
DPT102,"INGINF-AP"
LEN223,"INGINF-AP"
ING223,"INGINF-AP"
ALG203,"INGINF-AP"
CAL224,"INGINF-AP"
FIS214,"INGINF-AP"
OAE202,"INGINF-AP"
EDD203,"INGINF-AP"
ING333,"INGINF-AP"
LAF312,"INGINF-AP"
CAL334,"INGINF-AP"
FIS324,"INGINF-AP"
MAT302,"INGINF-AP"
BDD304,"INGINF-AP"
TEC303,"INGINF-AP"
ING443,"INGINF-AP"
LAF422,"INGINF-AP"
CAL444,"INGINF-AP"
FDR403,"INGINF-AP"
TDG414,"INGINF-AP"
PRO413,"INGINF-AP"
ADC403,"INGINF-AP"
ING553,"INGINF-AP"
LAD502,"INGINF-AP"
SSC502,"INGINF-AP"
EYP503,"INGINF-AP"
TDG524,"INGINF-AP"
PRO523,"INGINF-AP"
SOP513,"INGINF-AP"
SAP502,"INGINF-AP"
OYP502,"INGINF-AP"
GRH502,"INGINF-AP"
TYD502,"INGINF-AP"
ING663,"INGINF-AP"
SOP623,"INGINF-AP"
ISF614,"INGINF-AP"
CAL604,"INGINF-AP"
PRO633,"INGINF-AP"
MEI612,"INGINF-AP"
PGC603,"INGINF-AP"
RMM602,"INGINF-AP"
DAC602,"INGINF-AP"
ING773,"INGINF-AP"
IOP703,"INGINF-AP"
ISF724,"INGINF-AP"
SDS703,"INGINF-AP"
PRW703,"INGINF-AP"
MEI722,"INGINF-AP"
ELT703,"INGINF-AP"
ARH702,"INGINF-AP"
TGR702,"INGINF-AP"
SAU702,"INGINF-AP"
IEN803,"INGINF-AP"
FDD802,"INGINF-AP"
TRD814,"INGINF-AP"
CTB803,"INGINF-AP"
PRE803,"INGINF-AP"
FEP803,"INGINF-AP"
MET803,"INGINF-AP"
SAM802,"INGINF-AP"
PRD802,"INGINF-AP"
MAD802,"INGINF-AP"
AUS904,"INGINF-AP"
ETP902,"INGINF-AP"
TEL903,"INGINF-AP"
TRD924,"INGINF-AP"
PRO903,"INGINF-AP"
STG903,"INGINF-AP"
CPI903,"INGINF-AP"
RPV902,"INGINF-AP"
DCM902,"INGINF-AP"
CEP902,"INGINF-AP"
TLP902,"INGINF-AP"
PAP10020,"INGINF-AP"
